Boss,Level,Tries,Avg
Ball,1,3,51.33333333
Ball,2,4,79.75
Beppi,1,5,67.8
Beppi,2,9,44.11111111
Candy,1,13,74.15384615
Candy,2,16,69.375
Dragon,1,3,55.33333333
Flowie,1,3,52
Flowie,2,15,39.6
Frog,2,6,88.66666667
Hilda,1,6,55.16666667
Hilda,2,5,71.6
Pyramid,1,12,67.33333333
Pyramid,2,10,84.4
Frog,1,1,57
Vege,1,3,47.33333333
Vege,2,2,74.5
